状态,源文件,类型,源文件字节,当前构建归属字节,构建分包,判定说明
疑似未用-当前已打包,assets/resources/表情声音/7.wav,audio,551768,551883,resources,未被入口 UUID 依赖、可达脚本字面量或已知动态资源族命中
疑似未用-当前已打包,assets/Images/表情kk/3_fennu/3_fennu_tex.png,image,143292,143370,resources,未被入口 UUID 依赖、可达脚本字面量或已知动态资源族命中
疑似未用-当前已打包,assets/Images/表情kk/6_niupigu/6_niupigu_ske.json,data,135546,138465,resources,未被入口 UUID 依赖、可达脚本字面量或已知动态资源族命中
疑似未用-当前已打包,assets/Images/表情kk/4_dushen/4_dushen_ske.json,data,126675,130285,resources,未被入口 UUID 依赖、可达脚本字面量或已知动态资源族命中
疑似未用-当前已打包,assets/Images/表情kk/10_xiyue/10_xiyue_ske.json,data,110202,112784,resources,未被入口 UUID 依赖、可达脚本字面量或已知动态资源族命中
疑似未用-当前已打包,assets/resources/表情声音/5.mp3,audio,111281,111396,resources,未被入口 UUID 依赖、可达脚本字面量或已知动态资源族命中
疑似未用-当前已打包,assets/Images/表情kk/4_dushen/4_dushen_tex.png,image,105418,105496,resources,未被入口 UUID 依赖、可达脚本字面量或已知动态资源族命中
疑似未用-当前已打包,assets/Images/表情/3/xiyuetiao_tex.png,image,102654,102732,resources,未被入口 UUID 依赖、可达脚本字面量或已知动态资源族命中
疑似未用-当前已打包,assets/Images/表情/6/wulian_tex.png,image,96456,96534,resources,未被入口 UUID 依赖、可达脚本字面量或已知动态资源族命中
疑似未用-当前已打包,assets/Images/表情/4/fennu_tex.png,image,95125,95203,resources,未被入口 UUID 依赖、可达脚本字面量或已知动态资源族命中
疑似未用-当前已打包,assets/resources/表情声音/6.wav,audio,94630,94745,resources,未被入口 UUID 依赖、可达脚本字面量或已知动态资源族命中
疑似未用-当前已打包,assets/Images/表情/1/OK_tex.png,image,89020,89098,resources,未被入口 UUID 依赖、可达脚本字面量或已知动态资源族命中
疑似未用-当前已打包,assets/resources/表情声音/4.mp3,audio,81535,81650,resources,未被入口 UUID 依赖、可达脚本字面量或已知动态资源族命中
疑似未用-当前已打包,assets/Images/表情/7/liubixue_tex.png,image,78661,78739,resources,未被入口 UUID 依赖、可达脚本字面量或已知动态资源族命中
疑似未用-当前已打包,assets/Images/表情kk/9_sanyan/9_sanyan_ske.json,data,72044,74096,resources,未被入口 UUID 依赖、可达脚本字面量或已知动态资源族命中
疑似未用-当前已打包,assets/Images/表情/2/gouyin_tex.png,image,68594,68672,resources,未被入口 UUID 依赖、可达脚本字面量或已知动态资源族命中
疑似未用-当前已打包,assets/Images/表情/5/wabikong_tex.png,image,67384,67462,resources,未被入口 UUID 依赖、可达脚本字面量或已知动态资源族命中
疑似未用-当前已打包,assets/Images/表情/10/feiwen_tex.png,image,64814,64892,resources,未被入口 UUID 依赖、可达脚本字面量或已知动态资源族命中
疑似未用-当前已打包,assets/Images/表情kk/2_gouyin/2_gouyin_ske.json,data,61540,64402,resources,未被入口 UUID 依赖、可达脚本字面量或已知动态资源族命中
疑似未用-当前已打包,assets/Images/表情kk/7_baidingwang/7_baidingwang_tex.png,image,59903,59981,resources,未被入口 UUID 依赖、可达脚本字面量或已知动态资源族命中
疑似未用-当前已打包,assets/Images/表情kk/5_wulian/5_wulian_ske.json,data,57258,59416,resources,未被入口 UUID 依赖、可达脚本字面量或已知动态资源族命中
疑似未用-当前已打包,assets/Images/表情/8/dianzan_tex.png,image,58498,58576,resources,未被入口 UUID 依赖、可达脚本字面量或已知动态资源族命中
疑似未用-当前已打包,assets/Images/表情/9/bishi_tex.png,image,54903,54981,resources,未被入口 UUID 依赖、可达脚本字面量或已知动态资源族命中
疑似未用-当前已打包,assets/Images/表情kk/8_anzhongguancha/8_anzhongguancha_ske.json,data,53146,54740,resources,未被入口 UUID 依赖、可达脚本字面量或已知动态资源族命中
疑似未用-当前已打包,assets/Images/表情kk/3_fennu/3_fennu_ske.json,data,48000,50401,resources,未被入口 UUID 依赖、可达脚本字面量或已知动态资源族命中
疑似未用-当前已打包,assets/Images/表情kk/6_niupigu/6_niupigu_tex.png,image,48543,48621,resources,未被入口 UUID 依赖、可达脚本字面量或已知动态资源族命中
疑似未用-当前已打包,assets/Images/表情kk/7_baidingwang/7_baidingwang_ske.json,data,41798,43907,resources,未被入口 UUID 依赖、可达脚本字面量或已知动态资源族命中
疑似未用-当前已打包,assets/resources/icon.png,image,40873,41140,resources,未被入口 UUID 依赖、可达脚本字面量或已知动态资源族命中
疑似未用-当前已打包,assets/Images/表情kk/5_wulian/5_wulian_tex.png,image,36653,36731,resources,未被入口 UUID 依赖、可达脚本字面量或已知动态资源族命中
疑似未用-当前已打包,assets/Images/表情kk/2_gouyin/2_gouyin_tex.png,image,36085,36163,resources,未被入口 UUID 依赖、可达脚本字面量或已知动态资源族命中
疑似未用-当前已打包,assets/Images/表情kk/10_xiyue/10_xiyue_tex.png,image,34391,34469,resources,未被入口 UUID 依赖、可达脚本字面量或已知动态资源族命中
疑似未用-当前已打包,assets/Images/表情kk/1_bishi/1_bishi_ske.json,data,30899,32514,resources,未被入口 UUID 依赖、可达脚本字面量或已知动态资源族命中
疑似未用-当前已打包,assets/Images/表情kk/8_anzhongguancha/8_anzhongguancha_tex.png,image,30516,30594,resources,未被入口 UUID 依赖、可达脚本字面量或已知动态资源族命中
疑似未用-当前已打包,assets/Images/表情kk/9_sanyan/9_sanyan_tex.png,image,29622,29700,resources,未被入口 UUID 依赖、可达脚本字面量或已知动态资源族命中
疑似未用-当前已打包,assets/resources/表情声音/9.mp3,audio,27629,27744,resources,未被入口 UUID 依赖、可达脚本字面量或已知动态资源族命中
疑似未用-当前已打包,assets/Images/表情kk/1_bishi/1_bishi_tex.png,image,27432,27510,resources,未被入口 UUID 依赖、可达脚本字面量或已知动态资源族命中
疑似未用-当前已打包,assets/resources/表情声音/2.mp3,audio,25427,25542,resources,未被入口 UUID 依赖、可达脚本字面量或已知动态资源族命中
疑似未用-当前已打包,assets/resources/表情声音/1.mp3,audio,22296,22411,resources,未被入口 UUID 依赖、可达脚本字面量或已知动态资源族命中
疑似未用-当前已打包,assets/resources/表情声音/10.mp3,audio,20878,20990,resources,未被入口 UUID 依赖、可达脚本字面量或已知动态资源族命中
疑似未用-当前已打包,assets/Images/表情/3/xiyuetiao_ske.json,data,17229,18538,resources,未被入口 UUID 依赖、可达脚本字面量或已知动态资源族命中
疑似未用-当前已打包,assets/Images/表情/4/fennu_ske.json,data,14740,16497,resources,未被入口 UUID 依赖、可达脚本字面量或已知动态资源族命中
疑似未用-当前已打包,assets/resources/表情声音/3.mp3,audio,15882,15997,resources,未被入口 UUID 依赖、可达脚本字面量或已知动态资源族命中
疑似未用-当前已打包,assets/Images/表情/7/liubixue_ske.json,data,13608,15646,resources,未被入口 UUID 依赖、可达脚本字面量或已知动态资源族命中
疑似未用-当前已打包,assets/Images/表情/6/wulian_ske.json,data,12310,14082,resources,未被入口 UUID 依赖、可达脚本字面量或已知动态资源族命中
疑似未用-当前已打包,assets/Images/表情/1/OK_ske.json,data,11680,13356,resources,未被入口 UUID 依赖、可达脚本字面量或已知动态资源族命中
疑似未用-当前已打包,assets/resources/表情声音/8.mp3,audio,9545,9660,resources,未被入口 UUID 依赖、可达脚本字面量或已知动态资源族命中
疑似未用-当前已打包,assets/Images/表情/2/gouyin_ske.json,data,8246,9608,resources,未被入口 UUID 依赖、可达脚本字面量或已知动态资源族命中
疑似未用-当前已打包,assets/Images/表情/5/wabikong_ske.json,data,7864,9344,resources,未被入口 UUID 依赖、可达脚本字面量或已知动态资源族命中
疑似未用-当前已打包,assets/Images/表情/9/bishi_ske.json,data,7842,9083,resources,未被入口 UUID 依赖、可达脚本字面量或已知动态资源族命中
疑似未用-当前已打包,assets/Images/表情/8/dianzan_ske.json,data,6897,7988,resources,未被入口 UUID 依赖、可达脚本字面量或已知动态资源族命中
疑似未用-当前已打包,assets/Images/表情/10/feiwen_ske.json,data,6602,7864,resources,未被入口 UUID 依赖、可达脚本字面量或已知动态资源族命中
疑似未用-当前已打包,assets/Images/表情kk/4_dushen/4_dushen_tex.json,data,3375,4189,resources,未被入口 UUID 依赖、可达脚本字面量或已知动态资源族命中
疑似未用-当前已打包,assets/resources/Prefabs/伙伴红利分配对象.prefab,prefab,22598,2718,resources,未被入口 UUID 依赖、可达脚本字面量或已知动态资源族命中
疑似未用-当前已打包,assets/resources/Prefabs/战绩红利对象.prefab,prefab,19555,2317,resources,未被入口 UUID 依赖、可达脚本字面量或已知动态资源族命中
疑似未用-当前已打包,assets/Images/表情kk/7_baidingwang/7_baidingwang_tex.json,data,1592,2107,resources,未被入口 UUID 依赖、可达脚本字面量或已知动态资源族命中
疑似未用-当前已打包,assets/Images/表情kk/3_fennu/3_fennu_tex.json,data,1342,1791,resources,未被入口 UUID 依赖、可达脚本字面量或已知动态资源族命中
疑似未用-当前已打包,assets/Images/表情kk/2_gouyin/2_gouyin_tex.json,data,1335,1785,resources,未被入口 UUID 依赖、可达脚本字面量或已知动态资源族命中
疑似未用-当前已打包,assets/resources/Prefabs/活动详细记录对象.prefab,prefab,14344,1783,resources,未被入口 UUID 依赖、可达脚本字面量或已知动态资源族命中
疑似未用-当前已打包,assets/resources/Prefabs/奖池收益对象.prefab,prefab,11752,1706,resources,未被入口 UUID 依赖、可达脚本字面量或已知动态资源族命中
疑似未用-当前已打包,assets/Images/表情kk/6_niupigu/6_niupigu_tex.json,data,1184,1599,resources,未被入口 UUID 依赖、可达脚本字面量或已知动态资源族命中
疑似未用-当前已打包,assets/resources/Prefabs/奖池提取记录对象.prefab,prefab,10463,1574,resources,未被入口 UUID 依赖、可达脚本字面量或已知动态资源族命中
疑似未用-当前已打包,assets/resources/Prefabs/伙伴对象.prefab,prefab,10557,1544,resources,未被入口 UUID 依赖、可达脚本字面量或已知动态资源族命中
疑似未用-当前已打包,assets/resources/Prefabs/奖励详细记录对象.prefab,prefab,8584,1433,resources,未被入口 UUID 依赖、可达脚本字面量或已知动态资源族命中
疑似未用-当前已打包,assets/resources/Prefabs/道具对象2.prefab,prefab,4076,1401,resources,未被入口 UUID 依赖、可达脚本字面量或已知动态资源族命中
疑似未用-当前已打包,assets/Images/表情/7/liubixue_tex.json,data,1012,1390,resources,未被入口 UUID 依赖、可达脚本字面量或已知动态资源族命中
疑似未用-当前已打包,assets/Images/表情kk/9_sanyan/9_sanyan_tex.json,data,899,1253,resources,未被入口 UUID 依赖、可达脚本字面量或已知动态资源族命中
疑似未用-当前已打包,assets/resources/Prefabs/handbig.prefab,prefab,8517,1223,resources,未被入口 UUID 依赖、可达脚本字面量或已知动态资源族命中
疑似未用-当前已打包,assets/Images/表情/5/wabikong_tex.json,data,862,1204,resources,未被入口 UUID 依赖、可达脚本字面量或已知动态资源族命中
疑似未用-当前已打包,assets/Images/表情/6/wulian_tex.json,data,850,1190,resources,未被入口 UUID 依赖、可达脚本字面量或已知动态资源族命中
疑似未用-当前已打包,assets/Images/表情/2/gouyin_tex.json,data,837,1177,resources,未被入口 UUID 依赖、可达脚本字面量或已知动态资源族命中
疑似未用-当前已打包,assets/Images/表情/1/OK_tex.json,data,834,1170,resources,未被入口 UUID 依赖、可达脚本字面量或已知动态资源族命中
疑似未用-当前已打包,assets/Images/表情kk/10_xiyue/10_xiyue_tex.json,data,792,1122,resources,未被入口 UUID 依赖、可达脚本字面量或已知动态资源族命中
疑似未用-当前已打包,assets/Images/表情kk/1_bishi/1_bishi_tex.json,data,792,1121,resources,未被入口 UUID 依赖、可达脚本字面量或已知动态资源族命中
疑似未用-当前已打包,assets/Images/表情kk/5_wulian/5_wulian_tex.json,data,786,1116,resources,未被入口 UUID 依赖、可达脚本字面量或已知动态资源族命中
疑似未用-当前已打包,assets/Images/表情/4/fennu_tex.json,data,785,1112,resources,未被入口 UUID 依赖、可达脚本字面量或已知动态资源族命中
疑似未用-当前已打包,assets/Images/表情kk/8_anzhongguancha/8_anzhongguancha_tex.json,data,753,1079,resources,未被入口 UUID 依赖、可达脚本字面量或已知动态资源族命中
疑似未用-当前已打包,assets/Images/表情/10/feiwen_tex.json,data,734,1050,resources,未被入口 UUID 依赖、可达脚本字面量或已知动态资源族命中
疑似未用-当前已打包,assets/Images/表情/9/bishi_tex.json,data,684,987,resources,未被入口 UUID 依赖、可达脚本字面量或已知动态资源族命中
疑似未用-当前已打包,assets/Images/表情/3/xiyuetiao_tex.json,data,577,860,resources,未被入口 UUID 依赖、可达脚本字面量或已知动态资源族命中
疑似未用-当前已打包,assets/Images/表情/8/dianzan_tex.json,data,568,849,resources,未被入口 UUID 依赖、可达脚本字面量或已知动态资源族命中
疑似未用-当前已打包,assets/resources/表情---/10.prefab,prefab,2436,767,resources,未被入口 UUID 依赖、可达脚本字面量或已知动态资源族命中
疑似未用-当前已打包,assets/resources/表情---/9.prefab,prefab,2435,765,resources,未被入口 UUID 依赖、可达脚本字面量或已知动态资源族命中
疑似未用-当前已打包,assets/resources/表情---/8.prefab,prefab,2435,765,resources,未被入口 UUID 依赖、可达脚本字面量或已知动态资源族命中
疑似未用-当前已打包,assets/resources/表情---/7.prefab,prefab,2435,765,resources,未被入口 UUID 依赖、可达脚本字面量或已知动态资源族命中
疑似未用-当前已打包,assets/resources/表情---/6.prefab,prefab,2435,765,resources,未被入口 UUID 依赖、可达脚本字面量或已知动态资源族命中
疑似未用-当前已打包,assets/resources/表情---/5.prefab,prefab,2435,765,resources,未被入口 UUID 依赖、可达脚本字面量或已知动态资源族命中
疑似未用-当前已打包,assets/resources/表情---/4.prefab,prefab,2435,765,resources,未被入口 UUID 依赖、可达脚本字面量或已知动态资源族命中
疑似未用-当前已打包,assets/resources/表情---/3.prefab,prefab,2435,765,resources,未被入口 UUID 依赖、可达脚本字面量或已知动态资源族命中
疑似未用-当前已打包,assets/resources/表情---/2.prefab,prefab,2435,765,resources,未被入口 UUID 依赖、可达脚本字面量或已知动态资源族命中
疑似未用-当前已打包,assets/resources/表情---/1.prefab,prefab,2435,765,resources,未被入口 UUID 依赖、可达脚本字面量或已知动态资源族命中
疑似未用-当前已打包,assets/resources/表情/10.prefab,prefab,2464,726,resources,未被入口 UUID 依赖、可达脚本字面量或已知动态资源族命中
疑似未用-当前已打包,assets/resources/表情/9.prefab,prefab,2463,724,resources,未被入口 UUID 依赖、可达脚本字面量或已知动态资源族命中
疑似未用-当前已打包,assets/resources/表情/8.prefab,prefab,2463,724,resources,未被入口 UUID 依赖、可达脚本字面量或已知动态资源族命中
疑似未用-当前已打包,assets/resources/表情/7.prefab,prefab,2463,724,resources,未被入口 UUID 依赖、可达脚本字面量或已知动态资源族命中
疑似未用-当前已打包,assets/resources/表情/6.prefab,prefab,2463,724,resources,未被入口 UUID 依赖、可达脚本字面量或已知动态资源族命中
疑似未用-当前已打包,assets/resources/表情/5.prefab,prefab,2463,724,resources,未被入口 UUID 依赖、可达脚本字面量或已知动态资源族命中
疑似未用-当前已打包,assets/resources/表情/4.prefab,prefab,2463,724,resources,未被入口 UUID 依赖、可达脚本字面量或已知动态资源族命中
疑似未用-当前已打包,assets/resources/表情/3.prefab,prefab,2463,724,resources,未被入口 UUID 依赖、可达脚本字面量或已知动态资源族命中
疑似未用-当前已打包,assets/resources/表情/2.prefab,prefab,2463,724,resources,未被入口 UUID 依赖、可达脚本字面量或已知动态资源族命中
疑似未用-当前已打包,assets/resources/表情/1.prefab,prefab,2463,724,resources,未被入口 UUID 依赖、可达脚本字面量或已知动态资源族命中
疑似未用-当前已打包,assets/resources/DefCtl/Lable.prefab,prefab,2360,681,resources,未被入口 UUID 依赖、可达脚本字面量或已知动态资源族命中
疑似未用-当前已打包,assets/resources/cc-inspector.json,data,61,153,resources,未被入口 UUID 依赖、可达脚本字面量或已知动态资源族命中
疑似未用-源码残留,assets/ImagesXYPK/转盘/转盘动画2/zhuanpan0311_tex.png,image,745046,0,,未被入口 UUID 依赖、可达脚本字面量或已知动态资源族命中
疑似未用-源码残留,assets/ImagesLuck/登陆/背景.png,image,625873,0,,未被入口 UUID 依赖、可达脚本字面量或已知动态资源族命中
疑似未用-源码残留,assets/ImagesLuck/动画/大厅LOGO动画/logo_tex.png,image,607816,0,,未被入口 UUID 依赖、可达脚本字面量或已知动态资源族命中
疑似未用-源码残留,assets/ImagesLuck/公用/框.png,image,381754,0,,未被入口 UUID 依赖、可达脚本字面量或已知动态资源族命中
疑似未用-源码残留,assets/ImagesLuck/游戏内/biankuang.png,image,326496,0,,未被入口 UUID 依赖、可达脚本字面量或已知动态资源族命中
疑似未用-源码残留,assets/ImagesXYPK/转盘/动画/zhuanpan_dongxioa_tex.png,image,314122,0,,未被入口 UUID 依赖、可达脚本字面量或已知动态资源族命中
疑似未用-源码残留,assets/imagesKK/游戏大厅/顶部Banner.png,image,307452,0,,未被入口 UUID 依赖、可达脚本字面量或已知动态资源族命中
疑似未用-源码残留,assets/ImagesLuck/动画/报奖-old/ui_bigwin_tex.png,image,198431,0,,未被入口 UUID 依赖、可达脚本字面量或已知动态资源族命中
疑似未用-源码残留,assets/ImagesLuck/我的/我的背景.png,image,188331,0,,未被入口 UUID 依赖、可达脚本字面量或已知动态资源族命中
疑似未用-源码残留,assets/ImagesXYPK/动画/敲/touxiangkuang_tex.png,image,176509,0,,未被入口 UUID 依赖、可达脚本字面量或已知动态资源族命中
疑似未用-源码残留,assets/ImagesXYPK/转盘/转盘3.png,image,169955,0,,未被入口 UUID 依赖、可达脚本字面量或已知动态资源族命中
疑似未用-源码残留,assets/ImagesXYPK/转盘/转盘1.png,image,166367,0,,未被入口 UUID 依赖、可达脚本字面量或已知动态资源族命中
疑似未用-源码残留,assets/imagesKK/游戏大厅/大厅底图.png,image,164467,0,,未被入口 UUID 依赖、可达脚本字面量或已知动态资源族命中
疑似未用-源码残留,assets/ImagesXYPK/转盘/转盘动画2/zhuanpan0311_ske.json,data,131980,0,,未被入口 UUID 依赖、可达脚本字面量或已知动态资源族命中
疑似未用-源码残留,assets/ImagesLuck/我的/个人数据框.png,image,117141,0,,未被入口 UUID 依赖、可达脚本字面量或已知动态资源族命中
疑似未用-源码残留,assets/imagesKK/游戏大厅/底部底板.png,image,74672,0,,未被入口 UUID 依赖、可达脚本字面量或已知动态资源族命中
疑似未用-源码残留,assets/ImagesLuck/启动图标.png,image,69774,0,,未被入口 UUID 依赖、可达脚本字面量或已知动态资源族命中
疑似未用-源码残留,assets/ImagesXYPK/推广/11.png,image,62521,0,,未被入口 UUID 依赖、可达脚本字面量或已知动态资源族命中
疑似未用-源码残留,assets/ImagesXYPK/加入房间/弹窗.png,image,58533,0,,未被入口 UUID 依赖、可达脚本字面量或已知动态资源族命中
疑似未用-源码残留,assets/ImagesLuck/动画/导航按钮动画/MainButton_backup_tex.png,image,50901,0,,未被入口 UUID 依赖、可达脚本字面量或已知动态资源族命中
疑似未用-源码残留,assets/imagesKK/游戏大厅/状态2.png,image,43199,0,,未被入口 UUID 依赖、可达脚本字面量或已知动态资源族命中
疑似未用-源码残留,assets/imagesKK/游戏大厅/状态1.png,image,43199,0,,未被入口 UUID 依赖、可达脚本字面量或已知动态资源族命中
疑似未用-源码残留,assets/Images/奖池/奖池bg.png,image,43134,0,,未被入口 UUID 依赖、可达脚本字面量或已知动态资源族命中
疑似未用-源码残留,assets/ImagesLuck/游戏内/底池背景.png,image,37604,0,,未被入口 UUID 依赖、可达脚本字面量或已知动态资源族命中
疑似未用-源码残留,assets/ImagesLuck/战绩详情/房间信息底板.png,image,34531,0,,未被入口 UUID 依赖、可达脚本字面量或已知动态资源族命中
疑似未用-源码残留,assets/Images/奖池/pxjlbl.png,image,33421,0,,未被入口 UUID 依赖、可达脚本字面量或已知动态资源族命中
疑似未用-源码残留,assets/imagesKK/公用/背景1.png,image,33349,0,,未被入口 UUID 依赖、可达脚本字面量或已知动态资源族命中
疑似未用-源码残留,assets/imagesKK/游戏大厅/大中小底框.png,image,31337,0,,未被入口 UUID 依赖、可达脚本字面量或已知动态资源族命中
疑似未用-源码残留,assets/imagesKK/游戏大厅/帽子.png,image,30191,0,,未被入口 UUID 依赖、可达脚本字面量或已知动态资源族命中
疑似未用-源码残留,assets/ImagesLuck/奖池/框1.png,image,29771,0,,未被入口 UUID 依赖、可达脚本字面量或已知动态资源族命中
疑似未用-源码残留,assets/ImagesXYPK/转盘/动画/zhuanpan_dongxioa_ske.json,data,29476,0,,未被入口 UUID 依赖、可达脚本字面量或已知动态资源族命中
疑似未用-源码残留,assets/imagesKK/游戏大厅/大厅.png,image,26599,0,,未被入口 UUID 依赖、可达脚本字面量或已知动态资源族命中
疑似未用-源码残留,assets/ImagesXYPK/转盘/框.png,image,26254,0,,未被入口 UUID 依赖、可达脚本字面量或已知动态资源族命中
疑似未用-源码残留,assets/imagesKK/游戏大厅/大厅2.png,image,21417,0,,未被入口 UUID 依赖、可达脚本字面量或已知动态资源族命中
疑似未用-源码残留,assets/ImagesLuck/动画/报奖-old/ui_bigwin_ske.json,data,19958,0,,未被入口 UUID 依赖、可达脚本字面量或已知动态资源族命中
疑似未用-源码残留,assets/Images/表情图标/愤怒拿刀.png,image,19703,0,,未被入口 UUID 依赖、可达脚本字面量或已知动态资源族命中
疑似未用-源码残留,assets/ImagesLuck/战绩详情/数据底框.png,image,19620,0,,未被入口 UUID 依赖、可达脚本字面量或已知动态资源族命中
疑似未用-源码残留,assets/temp/选择银行.prefab,prefab,19565,0,,未被入口 UUID 依赖、可达脚本字面量或已知动态资源族命中
疑似未用-源码残留,assets/ImagesXYPK/转盘/2.png,image,19016,0,,未被入口 UUID 依赖、可达脚本字面量或已知动态资源族命中
疑似未用-源码残留,assets/ImagesLuck/游戏内/额外/奖池底框.png,image,18634,0,,未被入口 UUID 依赖、可达脚本字面量或已知动态资源族命中
疑似未用-源码残留,assets/ImagesLuck/我的/头像.png,image,18554,0,,未被入口 UUID 依赖、可达脚本字面量或已知动态资源族命中
疑似未用-源码残留,assets/imagesKK/游戏大厅/图标.png,image,18107,0,,未被入口 UUID 依赖、可达脚本字面量或已知动态资源族命中
疑似未用-源码残留,assets/imagesKK/游戏大厅/排行榜.png,image,16909,0,,未被入口 UUID 依赖、可达脚本字面量或已知动态资源族命中
疑似未用-源码残留,assets/ImagesLuck/表情/流汗/3_3.png,image,16685,0,,未被入口 UUID 依赖、可达脚本字面量或已知动态资源族命中
疑似未用-源码残留,assets/ImagesLuck/表情/流汗/3_0.png,image,16685,0,,未被入口 UUID 依赖、可达脚本字面量或已知动态资源族命中
疑似未用-源码残留,assets/ImagesLuck/游戏内/充值.png,image,16638,0,,未被入口 UUID 依赖、可达脚本字面量或已知动态资源族命中
疑似未用-源码残留,assets/ImagesXYPK/代理/提取记录按钮.png,image,16522,0,,未被入口 UUID 依赖、可达脚本字面量或已知动态资源族命中
疑似未用-源码残留,assets/ImagesXYPK/转盘/按钮灰.png,image,16501,0,,未被入口 UUID 依赖、可达脚本字面量或已知动态资源族命中
疑似未用-源码残留,assets/ImagesXYPK/转盘/按钮.png,image,16480,0,,未被入口 UUID 依赖、可达脚本字面量或已知动态资源族命中
疑似未用-源码残留,assets/ImagesLuck/我的/按钮框.png,image,16235,0,,未被入口 UUID 依赖、可达脚本字面量或已知动态资源族命中
疑似未用-源码残留,assets/ImagesLuck/表情/流汗/3_5.png,image,16228,0,,未被入口 UUID 依赖、可达脚本字面量或已知动态资源族命中
疑似未用-源码残留,assets/ImagesLuck/表情/流汗/3_2.png,image,16228,0,,未被入口 UUID 依赖、可达脚本字面量或已知动态资源族命中
疑似未用-源码残留,assets/ImagesLuck/表情/流汗/3_4.png,image,16058,0,,未被入口 UUID 依赖、可达脚本字面量或已知动态资源族命中
疑似未用-源码残留,assets/ImagesLuck/表情/流汗/3_1.png,image,16058,0,,未被入口 UUID 依赖、可达脚本字面量或已知动态资源族命中
疑似未用-源码残留,assets/ImagesLuck/表情/轻视/7_4.png,image,15962,0,,未被入口 UUID 依赖、可达脚本字面量或已知动态资源族命中
疑似未用-源码残留,assets/ImagesLuck/表情/轻视/7_2.png,image,15962,0,,未被入口 UUID 依赖、可达脚本字面量或已知动态资源族命中
疑似未用-源码残留,assets/ImagesLuck/表情/轻视/7_0.png,image,15962,0,,未被入口 UUID 依赖、可达脚本字面量或已知动态资源族命中
疑似未用-源码残留,assets/ImagesLuck/表情/轻视/7_5.png,image,15737,0,,未被入口 UUID 依赖、可达脚本字面量或已知动态资源族命中
疑似未用-源码残留,assets/ImagesLuck/表情/轻视/7_3.png,image,15737,0,,未被入口 UUID 依赖、可达脚本字面量或已知动态资源族命中
疑似未用-源码残留,assets/ImagesLuck/表情/轻视/7_1.png,image,15737,0,,未被入口 UUID 依赖、可达脚本字面量或已知动态资源族命中
疑似未用-源码残留,assets/ImagesLuck/钱包/微信.png,image,15679,0,,未被入口 UUID 依赖、可达脚本字面量或已知动态资源族命中
疑似未用-源码残留,assets/ImagesLuck/战绩详情/123.png,image,15554,0,,未被入口 UUID 依赖、可达脚本字面量或已知动态资源族命中
疑似未用-源码残留,assets/Images/表情图标/勾引.png,image,15528,0,,未被入口 UUID 依赖、可达脚本字面量或已知动态资源族命中
疑似未用-源码残留,assets/ImagesLuck/公用1/选牌背.png,image,15453,0,,未被入口 UUID 依赖、可达脚本字面量或已知动态资源族命中
疑似未用-源码残留,assets/ImagesLuck/公用1/选择桌面.png,image,15065,0,,未被入口 UUID 依赖、可达脚本字面量或已知动态资源族命中
疑似未用-源码残留,assets/ImagesLuck/表情/疑问/13_4.png,image,15053,0,,未被入口 UUID 依赖、可达脚本字面量或已知动态资源族命中
疑似未用-源码残留,assets/ImagesLuck/表情/疑问/13_2.png,image,15053,0,,未被入口 UUID 依赖、可达脚本字面量或已知动态资源族命中
疑似未用-源码残留,assets/ImagesLuck/表情/疑问/13_0.png,image,15053,0,,未被入口 UUID 依赖、可达脚本字面量或已知动态资源族命中
疑似未用-源码残留,assets/ImagesLuck/表情/疑问/13_5.png,image,15005,0,,未被入口 UUID 依赖、可达脚本字面量或已知动态资源族命中
疑似未用-源码残留,assets/ImagesLuck/表情/疑问/13_3.png,image,15005,0,,未被入口 UUID 依赖、可达脚本字面量或已知动态资源族命中
疑似未用-源码残留,assets/ImagesLuck/表情/疑问/13_1.png,image,15005,0,,未被入口 UUID 依赖、可达脚本字面量或已知动态资源族命中
疑似未用-源码残留,assets/ImagesLuck/表情/痛苦/1_3.png,image,14967,0,,未被入口 UUID 依赖、可达脚本字面量或已知动态资源族命中
疑似未用-源码残留,assets/ImagesLuck/表情/痛苦/1_0.png,image,14967,0,,未被入口 UUID 依赖、可达脚本字面量或已知动态资源族命中
疑似未用-源码残留,assets/ImagesLuck/表情/痛苦/1_4.png,image,14909,0,,未被入口 UUID 依赖、可达脚本字面量或已知动态资源族命中
疑似未用-源码残留,assets/ImagesLuck/表情/痛苦/1_1.png,image,14909,0,,未被入口 UUID 依赖、可达脚本字面量或已知动态资源族命中
疑似未用-源码残留,assets/Images/道具/x10.png,image,14806,0,,未被入口 UUID 依赖、可达脚本字面量或已知动态资源族命中
疑似未用-源码残留,assets/Images/表情图标/捂脸不忍直视.png,image,14784,0,,未被入口 UUID 依赖、可达脚本字面量或已知动态资源族命中
疑似未用-源码残留,assets/Images/表情图标/飞吻.png,image,14694,0,,未被入口 UUID 依赖、可达脚本字面量或已知动态资源族命中
疑似未用-源码残留,assets/ImagesLuck/表情/痛苦/1_5.png,image,14598,0,,未被入口 UUID 依赖、可达脚本字面量或已知动态资源族命中
疑似未用-源码残留,assets/ImagesLuck/表情/痛苦/1_2.png,image,14598,0,,未被入口 UUID 依赖、可达脚本字面量或已知动态资源族命中
疑似未用-源码残留,assets/ImagesXYPK/推广/长按识别二维码.png,image,14567,0,,未被入口 UUID 依赖、可达脚本字面量或已知动态资源族命中
疑似未用-源码残留,assets/Images/表情图标/流鼻血.png,image,14022,0,,未被入口 UUID 依赖、可达脚本字面量或已知动态资源族命中
疑似未用-源码残留,assets/ImagesXYPK/代理/奖励框.png,image,13643,0,,未被入口 UUID 依赖、可达脚本字面量或已知动态资源族命中
疑似未用-源码残留,assets/Images/表情图标/点赞.png,image,13529,0,,未被入口 UUID 依赖、可达脚本字面量或已知动态资源族命中
疑似未用-源码残留,assets/ImagesLuck/游戏内/额外/1.png,image,13483,0,,未被入口 UUID 依赖、可达脚本字面量或已知动态资源族命中
疑似未用-源码残留,assets/Images/表情图标/挖鼻孔.png,image,13478,0,,未被入口 UUID 依赖、可达脚本字面量或已知动态资源族命中
疑似未用-源码残留,assets/ImagesLuck/游戏内/额外/2.png,image,13469,0,,未被入口 UUID 依赖、可达脚本字面量或已知动态资源族命中
疑似未用-源码残留,assets/ImagesLuck/游戏内/额外/5.png,image,13467,0,,未被入口 UUID 依赖、可达脚本字面量或已知动态资源族命中
疑似未用-源码残留,assets/ImagesLuck/游戏内/额外/4.png,image,13450,0,,未被入口 UUID 依赖、可达脚本字面量或已知动态资源族命中
疑似未用-源码残留,assets/Images/道具/x4.png,image,13432,0,,未被入口 UUID 依赖、可达脚本字面量或已知动态资源族命中
疑似未用-源码残留,assets/ImagesLuck/游戏内/额外/3.png,image,13393,0,,未被入口 UUID 依赖、可达脚本字面量或已知动态资源族命中
疑似未用-源码残留,assets/Images/表情图标/鄙视.png,image,12980,0,,未被入口 UUID 依赖、可达脚本字面量或已知动态资源族命中
疑似未用-源码残留,assets/Images/表情图标/喜悦跳.png,image,12966,0,,未被入口 UUID 依赖、可达脚本字面量或已知动态资源族命中
疑似未用-源码残留,assets/Images/表情图标/ok.png,image,12890,0,,未被入口 UUID 依赖、可达脚本字面量或已知动态资源族命中
疑似未用-源码残留,assets/ImagesLuck/公用/粘贴.jpg,image,12886,0,,未被入口 UUID 依赖、可达脚本字面量或已知动态资源族命中
疑似未用-源码残留,assets/ImagesXYPK/其他/提交举报.png,image,12306,0,,未被入口 UUID 依赖、可达脚本字面量或已知动态资源族命中
疑似未用-源码残留,assets/Images/道具/x2.png,image,12245,0,,未被入口 UUID 依赖、可达脚本字面量或已知动态资源族命中
疑似未用-源码残留,assets/Images/道具/x9.png,image,12218,0,,未被入口 UUID 依赖、可达脚本字面量或已知动态资源族命中
疑似未用-源码残留,assets/ImagesLuck/游戏内/侧导航背景.png,image,11781,0,,未被入口 UUID 依赖、可达脚本字面量或已知动态资源族命中
疑似未用-源码残留,assets/Images/道具/x5.png,image,11300,0,,未被入口 UUID 依赖、可达脚本字面量或已知动态资源族命中
疑似未用-源码残留,assets/imagesKK/游戏大厅/底部中间1.png,image,11294,0,,未被入口 UUID 依赖、可达脚本字面量或已知动态资源族命中
疑似未用-源码残留,assets/Images/道具/x6.png,image,10938,0,,未被入口 UUID 依赖、可达脚本字面量或已知动态资源族命中
疑似未用-源码残留,assets/ImagesLuck/游戏内/额外/音效.png,image,10613,0,,未被入口 UUID 依赖、可达脚本字面量或已知动态资源族命中
疑似未用-源码残留,assets/ImagesLuck/动画/大厅LOGO动画/logo_ske.json,data,10579,0,,未被入口 UUID 依赖、可达脚本字面量或已知动态资源族命中
疑似未用-源码残留,assets/Scenes/login - 001.fire,scene,10457,0,,未被入口 UUID 依赖、可达脚本字面量或已知动态资源族命中
疑似未用-源码残留,assets/ImagesLuck/战绩详情/LOGO.png,image,10410,0,,未被入口 UUID 依赖、可达脚本字面量或已知动态资源族命中
疑似未用-源码残留,assets/ImagesLuck/游戏内/牌普底框.png,image,10396,0,,未被入口 UUID 依赖、可达脚本字面量或已知动态资源族命中
疑似未用-源码残留,assets/imagesKK/游戏大厅/全选中.png,image,10356,0,,未被入口 UUID 依赖、可达脚本字面量或已知动态资源族命中
疑似未用-源码残留,assets/imagesKK/游戏大厅/大选中.png,image,10329,0,,未被入口 UUID 依赖、可达脚本字面量或已知动态资源族命中
疑似未用-源码残留,assets/imagesKK/游戏大厅/小选中.png,image,10302,0,,未被入口 UUID 依赖、可达脚本字面量或已知动态资源族命中
疑似未用-源码残留,assets/imagesKK/游戏大厅/中选中.png,image,10079,0,,未被入口 UUID 依赖、可达脚本字面量或已知动态资源族命中
疑似未用-源码残留,assets/ImagesLuck/我的/k底.png,image,9862,0,,未被入口 UUID 依赖、可达脚本字面量或已知动态资源族命中
疑似未用-源码残留,assets/ImagesLuck/表情/石化/5_4.png,image,9733,0,,未被入口 UUID 依赖、可达脚本字面量或已知动态资源族命中
疑似未用-源码残留,assets/ImagesLuck/表情/石化/5_2.png,image,9733,0,,未被入口 UUID 依赖、可达脚本字面量或已知动态资源族命中
疑似未用-源码残留,assets/ImagesLuck/表情/石化/5_0.png,image,9733,0,,未被入口 UUID 依赖、可达脚本字面量或已知动态资源族命中
疑似未用-源码残留,assets/ImagesLuck/表情/石化/5_5.png,image,9637,0,,未被入口 UUID 依赖、可达脚本字面量或已知动态资源族命中
疑似未用-源码残留,assets/ImagesLuck/表情/石化/5_3.png,image,9637,0,,未被入口 UUID 依赖、可达脚本字面量或已知动态资源族命中
疑似未用-源码残留,assets/ImagesLuck/表情/石化/5_1.png,image,9637,0,,未被入口 UUID 依赖、可达脚本字面量或已知动态资源族命中
疑似未用-源码残留,assets/imagesKK/公用/开关0.png,image,9499,0,,未被入口 UUID 依赖、可达脚本字面量或已知动态资源族命中
疑似未用-源码残留,assets/ImagesLuck/游戏内/额外/语音.png,image,9101,0,,未被入口 UUID 依赖、可达脚本字面量或已知动态资源族命中
疑似未用-源码残留,assets/imagesKK/公用/开关1.png,image,9042,0,,未被入口 UUID 依赖、可达脚本字面量或已知动态资源族命中
疑似未用-源码残留,assets/Images/表情图标/3.png,image,8904,0,,未被入口 UUID 依赖、可达脚本字面量或已知动态资源族命中
疑似未用-源码残留,assets/Images/表情图标/10.png,image,8887,0,,未被入口 UUID 依赖、可达脚本字面量或已知动态资源族命中
疑似未用-源码残留,assets/Images/表情图标/2.png,image,8771,0,,未被入口 UUID 依赖、可达脚本字面量或已知动态资源族命中
疑似未用-源码残留,assets/Images/表情图标/4.png,image,8657,0,,未被入口 UUID 依赖、可达脚本字面量或已知动态资源族命中
疑似未用-源码残留,assets/Images/表情图标/1.png,image,8606,0,,未被入口 UUID 依赖、可达脚本字面量或已知动态资源族命中
疑似未用-源码残留,assets/Images/表情图标/5.png,image,8475,0,,未被入口 UUID 依赖、可达脚本字面量或已知动态资源族命中
疑似未用-源码残留,assets/ImagesXYPK/加入房间/数字.png,image,8200,0,,未被入口 UUID 依赖、可达脚本字面量或已知动态资源族命中
疑似未用-源码残留,assets/Images/表情图标/9.png,image,8179,0,,未被入口 UUID 依赖、可达脚本字面量或已知动态资源族命中
疑似未用-源码残留,assets/ImagesLuck/游戏内/拖动按钮.png,image,8041,0,,未被入口 UUID 依赖、可达脚本字面量或已知动态资源族命中
疑似未用-源码残留,assets/Images/表情图标/7.png,image,8027,0,,未被入口 UUID 依赖、可达脚本字面量或已知动态资源族命中
疑似未用-源码残留,assets/ImagesXYPK/代理/今日新增人数.png,image,7797,0,,未被入口 UUID 依赖、可达脚本字面量或已知动态资源族命中
疑似未用-源码残留,assets/Images/表情图标/8.png,image,7610,0,,未被入口 UUID 依赖、可达脚本字面量或已知动态资源族命中
疑似未用-源码残留,assets/Images/表情图标/6.png,image,7200,0,,未被入口 UUID 依赖、可达脚本字面量或已知动态资源族命中
疑似未用-源码残留,assets/imagesKK/公用/取消.png,image,7038,0,,未被入口 UUID 依赖、可达脚本字面量或已知动态资源族命中
疑似未用-源码残留,assets/ImagesLuck/奖池/奖池总金额数字.png,image,6979,0,,未被入口 UUID 依赖、可达脚本字面量或已知动态资源族命中
疑似未用-源码残留,assets/imagesKK/游戏大厅/排行榜选中.png,image,6862,0,,未被入口 UUID 依赖、可达脚本字面量或已知动态资源族命中
疑似未用-源码残留,assets/ImagesLuck/我的/获取验证码.png,image,6769,0,,未被入口 UUID 依赖、可达脚本字面量或已知动态资源族命中
疑似未用-源码残留,assets/imagesKK/游戏大厅/排行榜未选中.png,image,6679,0,,未被入口 UUID 依赖、可达脚本字面量或已知动态资源族命中
疑似未用-源码残留,assets/ImagesLuck/我的/底座.png,image,6671,0,,未被入口 UUID 依赖、可达脚本字面量或已知动态资源族命中
疑似未用-源码残留,assets/ImagesLuck/设置/版本号底框.png,image,6623,0,,未被入口 UUID 依赖、可达脚本字面量或已知动态资源族命中
疑似未用-源码残留,assets/ImagesLuck/公告/最新公告标题.png,image,6559,0,,未被入口 UUID 依赖、可达脚本字面量或已知动态资源族命中
疑似未用-源码残留,assets/Images/奖池/底框.png,image,6199,0,,未被入口 UUID 依赖、可达脚本字面量或已知动态资源族命中
疑似未用-源码残留,assets/ImagesLuck/钱包/金额框选中.png,image,6166,0,,未被入口 UUID 依赖、可达脚本字面量或已知动态资源族命中
疑似未用-源码残留,assets/imagesKK/游戏大厅/游戏中.png,image,6131,0,,未被入口 UUID 依赖、可达脚本字面量或已知动态资源族命中
疑似未用-源码残留,assets/imagesKK/游戏大厅/公告选中.png,image,6126,0,,未被入口 UUID 依赖、可达脚本字面量或已知动态资源族命中
疑似未用-源码残留,assets/imagesKK/游戏大厅/公告未选中.png,image,5973,0,,未被入口 UUID 依赖、可达脚本字面量或已知动态资源族命中
疑似未用-源码残留,assets/Images/奖池/奖池未选中.png,image,5886,0,,未被入口 UUID 依赖、可达脚本字面量或已知动态资源族命中
疑似未用-源码残留,assets/imagesKK/游戏大厅/我的选中.png,image,5815,0,,未被入口 UUID 依赖、可达脚本字面量或已知动态资源族命中
疑似未用-源码残留,assets/imagesKK/游戏大厅/参与过.png,image,5778,0,,未被入口 UUID 依赖、可达脚本字面量或已知动态资源族命中
疑似未用-源码残留,assets/ImagesLuck/游戏内/choumadui_huang.png,image,5759,0,,未被入口 UUID 依赖、可达脚本字面量或已知动态资源族命中
疑似未用-源码残留,assets/imagesKK/游戏大厅/钱包选中.png,image,5686,0,,未被入口 UUID 依赖、可达脚本字面量或已知动态资源族命中
疑似未用-源码残留,assets/ImagesXYPK/代理/下级玩家.png,image,5646,0,,未被入口 UUID 依赖、可达脚本字面量或已知动态资源族命中
疑似未用-源码残留,assets/imagesKK/游戏大厅/我的未选中.png,image,5642,0,,未被入口 UUID 依赖、可达脚本字面量或已知动态资源族命中
疑似未用-源码残留,assets/ImagesLuck/动画/报奖-old/ui_bigwin_tex.json,data,5546,0,,未被入口 UUID 依赖、可达脚本字面量或已知动态资源族命中
疑似未用-源码残留,assets/imagesKK/游戏大厅/钱包未选中.png,image,5531,0,,未被入口 UUID 依赖、可达脚本字面量或已知动态资源族命中
疑似未用-源码残留,assets/ImagesLuck/战绩详情/2.png,image,5516,0,,未被入口 UUID 依赖、可达脚本字面量或已知动态资源族命中
疑似未用-源码残留,assets/ImagesXYPK/代理/累计贡献.png,image,5501,0,,未被入口 UUID 依赖、可达脚本字面量或已知动态资源族命中
疑似未用-源码残留,assets/ImagesXYPK/代理/玩家信息.png,image,5465,0,,未被入口 UUID 依赖、可达脚本字面量或已知动态资源族命中
疑似未用-源码残留,assets/ImagesLuck/公告/弹窗公告底.png,image,5441,0,,未被入口 UUID 依赖、可达脚本字面量或已知动态资源族命中
疑似未用-源码残留,assets/ImagesLuck/动画/导航按钮动画/MainButton_backup_ske.json,data,5190,0,,未被入口 UUID 依赖、可达脚本字面量或已知动态资源族命中
疑似未用-源码残留,assets/ImagesLuck/战绩详情/3.png,image,5132,0,,未被入口 UUID 依赖、可达脚本字面量或已知动态资源族命中
疑似未用-源码残留,assets/Images/道具/机枪/item15_bowfly11.png,image,5132,0,,未被入口 UUID 依赖、可达脚本字面量或已知动态资源族命中
疑似未用-源码残留,assets/ImagesXYPK/代理/今日贡献2.png,image,5115,0,,未被入口 UUID 依赖、可达脚本字面量或已知动态资源族命中
疑似未用-源码残留,assets/ImagesLuck/战绩详情/1.png,image,4954,0,,未被入口 UUID 依赖、可达脚本字面量或已知动态资源族命中
疑似未用-源码残留,assets/Images/道具/机枪/item15_bowfly2.png,image,4882,0,,未被入口 UUID 依赖、可达脚本字面量或已知动态资源族命中
疑似未用-源码残留,assets/ImagesLuck/大厅/排行榜1.png,image,4801,0,,未被入口 UUID 依赖、可达脚本字面量或已知动态资源族命中
疑似未用-源码残留,assets/ImagesLuck/奖池/奖池桌面数字.png,image,4786,0,,未被入口 UUID 依赖、可达脚本字面量或已知动态资源族命中
疑似未用-源码残留,assets/imagesKK/游戏大厅/活动选中.png,image,4703,0,,未被入口 UUID 依赖、可达脚本字面量或已知动态资源族命中
疑似未用-源码残留,assets/imagesKK/游戏大厅/活动未选中.png,image,4636,0,,未被入口 UUID 依赖、可达脚本字面量或已知动态资源族命中
疑似未用-源码残留,assets/ImagesLuck/战绩详情/筹码.png,image,4625,0,,未被入口 UUID 依赖、可达脚本字面量或已知动态资源族命中
疑似未用-源码残留,assets/ImagesLuck/游戏内/芒果.png,image,4613,0,,未被入口 UUID 依赖、可达脚本字面量或已知动态资源族命中
疑似未用-源码残留,assets/imagesKK/游戏大厅/切换_38.png,image,4563,0,,未被入口 UUID 依赖、可达脚本字面量或已知动态资源族命中
疑似未用-源码残留,assets/ImagesLuck/大厅/我的1.png,image,4514,0,,未被入口 UUID 依赖、可达脚本字面量或已知动态资源族命中
疑似未用-源码残留,assets/ImagesXYPK/代理/我的ID.png,image,4513,0,,未被入口 UUID 依赖、可达脚本字面量或已知动态资源族命中
疑似未用-源码残留,assets/imagesKK/游戏大厅/底部切换_05.png,image,4408,0,,未被入口 UUID 依赖、可达脚本字面量或已知动态资源族命中
疑似未用-源码残留,assets/Images/道具/机枪/item15_bowfly8.png,image,4387,0,,未被入口 UUID 依赖、可达脚本字面量或已知动态资源族命中
疑似未用-源码残留,assets/Images/奖池/数字.png,image,4355,0,,未被入口 UUID 依赖、可达脚本字面量或已知动态资源族命中
疑似未用-源码残留,assets/ImagesLuck/公用1/奖池.png,image,4352,0,,未被入口 UUID 依赖、可达脚本字面量或已知动态资源族命中
疑似未用-源码残留,assets/ImagesXYPK/代理/累计.png,image,4321,0,,未被入口 UUID 依赖、可达脚本字面量或已知动态资源族命中
疑似未用-源码残留,assets/ImagesXYPK/转盘/1.png,image,4299,0,,未被入口 UUID 依赖、可达脚本字面量或已知动态资源族命中
疑似未用-源码残留,assets/ImagesLuck/游戏内/dairujifen.png,image,4164,0,,未被入口 UUID 依赖、可达脚本字面量或已知动态资源族命中
疑似未用-源码残留,assets/imagesKK/游戏大厅/底部切换_07.png,image,4149,0,,未被入口 UUID 依赖、可达脚本字面量或已知动态资源族命中
疑似未用-源码残留,assets/ImagesLuck/钱包/选中1.png,image,4100,0,,未被入口 UUID 依赖、可达脚本字面量或已知动态资源族命中
疑似未用-源码残留,assets/imagesKK/游戏大厅/底部切换_09.png,image,4087,0,,未被入口 UUID 依赖、可达脚本字面量或已知动态资源族命中
疑似未用-源码残留,assets/imagesKK/游戏大厅/底部切换_03.png,image,4052,0,,未被入口 UUID 依赖、可达脚本字面量或已知动态资源族命中
疑似未用-源码残留,assets/ImagesLuck/我的/赠送受赠记录.png,image,3920,0,,未被入口 UUID 依赖、可达脚本字面量或已知动态资源族命中
疑似未用-源码残留,assets/ImagesLuck/钱包/选中.png,image,3866,0,,未被入口 UUID 依赖、可达脚本字面量或已知动态资源族命中
疑似未用-源码残留,assets/ImagesXYPK/其他/举 报.png,image,3800,0,,未被入口 UUID 依赖、可达脚本字面量或已知动态资源族命中
疑似未用-源码残留,assets/ImagesXYPK/代理/上级ID.png,image,3750,0,,未被入口 UUID 依赖、可达脚本字面量或已知动态资源族命中
疑似未用-源码残留,assets/ImagesXYPK/代理/共享奖池.png,image,3706,0,,未被入口 UUID 依赖、可达脚本字面量或已知动态资源族命中
疑似未用-源码残留,assets/ImagesLuck/我的/资金流向按钮.png,image,3594,0,,未被入口 UUID 依赖、可达脚本字面量或已知动态资源族命中
疑似未用-源码残留,assets/Images/奖池/奖池记录.png,image,3570,0,,未被入口 UUID 依赖、可达脚本字面量或已知动态资源族命中
疑似未用-源码残留,assets/ImagesLuck/我的/设置.png,image,3567,0,,未被入口 UUID 依赖、可达脚本字面量或已知动态资源族命中
疑似未用-源码残留,assets/ImagesLuck/大厅/钱包1.png,image,3532,0,,未被入口 UUID 依赖、可达脚本字面量或已知动态资源族命中
疑似未用-源码残留,assets/Images/奖池/奖池总览选中.png,image,3517,0,,未被入口 UUID 依赖、可达脚本字面量或已知动态资源族命中
疑似未用-源码残留,assets/ImagesLuck/我的/战绩.png,image,3506,0,,未被入口 UUID 依赖、可达脚本字面量或已知动态资源族命中
疑似未用-源码残留,assets/ImagesLuck/我的/战绩按钮.png,image,3421,0,,未被入口 UUID 依赖、可达脚本字面量或已知动态资源族命中
疑似未用-源码残留,assets/ImagesLuck/我的/设置按钮.png,image,3390,0,,未被入口 UUID 依赖、可达脚本字面量或已知动态资源族命中
疑似未用-源码残留,assets/ImagesLuck/我的/代理按钮.png,image,3373,0,,未被入口 UUID 依赖、可达脚本字面量或已知动态资源族命中
疑似未用-源码残留,assets/imagesKK/游戏大厅/切页框.png,image,3308,0,,未被入口 UUID 依赖、可达脚本字面量或已知动态资源族命中
疑似未用-源码残留,assets/ImagesLuck/游戏内/yanjing.png,image,3283,0,,未被入口 UUID 依赖、可达脚本字面量或已知动态资源族命中
疑似未用-源码残留,assets/Images/奖池/奖池选中.png,image,3253,0,,未被入口 UUID 依赖、可达脚本字面量或已知动态资源族命中
疑似未用-源码残留,assets/ImagesLuck/我的/资金流向.png,image,3107,0,,未被入口 UUID 依赖、可达脚本字面量或已知动态资源族命中
疑似未用-源码残留,assets/ImagesLuck/大厅/公告1.png,image,3048,0,,未被入口 UUID 依赖、可达脚本字面量或已知动态资源族命中
疑似未用-源码残留,assets/Images/奖池/奖池总览未选中.png,image,3046,0,,未被入口 UUID 依赖、可达脚本字面量或已知动态资源族命中
疑似未用-源码残留,assets/ImagesLuck/游戏内/头像框.png,image,2956,0,,未被入口 UUID 依赖、可达脚本字面量或已知动态资源族命中
疑似未用-源码残留,assets/ImagesXYPK/动画/敲/touxiangkuang_tex.json,data,2943,0,,未被入口 UUID 依赖、可达脚本字面量或已知动态资源族命中
疑似未用-源码残留,assets/Images/奖池/奖池记录未选中.png,image,2919,0,,未被入口 UUID 依赖、可达脚本字面量或已知动态资源族命中
疑似未用-源码残留,assets/ImagesXYPK/其他/提交jb.png,image,2910,0,,未被入口 UUID 依赖、可达脚本字面量或已知动态资源族命中
疑似未用-源码残留,assets/ImagesLuck/游戏内/diban_dipi.png,image,2894,0,,未被入口 UUID 依赖、可达脚本字面量或已知动态资源族命中
疑似未用-源码残留,assets/ImagesLuck/游戏内/CoinIcon.png,image,2894,0,,未被入口 UUID 依赖、可达脚本字面量或已知动态资源族命中
疑似未用-源码残留,assets/ImagesLuck/奖池/桌面奖池数字.png,image,2891,0,,未被入口 UUID 依赖、可达脚本字面量或已知动态资源族命中
疑似未用-源码残留,assets/ImagesLuck/我的/头像2.png,image,2890,0,,未被入口 UUID 依赖、可达脚本字面量或已知动态资源族命中
疑似未用-源码残留,assets/ImagesXYPK/动画/敲/touxiangkuang_ske.json,data,2882,0,,未被入口 UUID 依赖、可达脚本字面量或已知动态资源族命中
疑似未用-源码残留,assets/ImagesLuck/我的/点击查看.png,image,2869,0,,未被入口 UUID 依赖、可达脚本字面量或已知动态资源族命中
疑似未用-源码残留,assets/Images/奖池/奖池数字.png,image,2851,0,,未被入口 UUID 依赖、可达脚本字面量或已知动态资源族命中
疑似未用-源码残留,assets/imagesKK/游戏大厅/大未选中.png,image,2837,0,,未被入口 UUID 依赖、可达脚本字面量或已知动态资源族命中
疑似未用-源码残留,assets/ImagesLuck/我的/代理.png,image,2797,0,,未被入口 UUID 依赖、可达脚本字面量或已知动态资源族命中
疑似未用-源码残留,assets/imagesKK/游戏大厅/切换_26.png,image,2783,0,,未被入口 UUID 依赖、可达脚本字面量或已知动态资源族命中
疑似未用-源码残留,assets/ImagesLuck/我的/金币.png,image,2775,0,,未被入口 UUID 依赖、可达脚本字面量或已知动态资源族命中
疑似未用-源码残留,assets/imagesKK/游戏大厅/全未选中.png,image,2753,0,,未被入口 UUID 依赖、可达脚本字面量或已知动态资源族命中
疑似未用-源码残留,assets/imagesKK/游戏大厅/底部切换_16.png,image,2742,0,,未被入口 UUID 依赖、可达脚本字面量或已知动态资源族命中
疑似未用-源码残留,assets/imagesKK/游戏大厅/底部切换_17.png,image,2656,0,,未被入口 UUID 依赖、可达脚本字面量或已知动态资源族命中
疑似未用-源码残留,assets/imagesKK/游戏大厅/底部切换_18.png,image,2651,0,,未被入口 UUID 依赖、可达脚本字面量或已知动态资源族命中
疑似未用-源码残留,assets/imagesKK/游戏大厅/小未选中.png,image,2630,0,,未被入口 UUID 依赖、可达脚本字面量或已知动态资源族命中
疑似未用-源码残留,assets/ImagesLuck/我的/右箭头.png,image,2623,0,,未被入口 UUID 依赖、可达脚本字面量或已知动态资源族命中
疑似未用-源码残留,assets/imagesKK/游戏大厅/底部切换_15.png,image,2622,0,,未被入口 UUID 依赖、可达脚本字面量或已知动态资源族命中
疑似未用-源码残留,assets/ImagesLuck/游戏内/defaultIcon.png,image,2580,0,,未被入口 UUID 依赖、可达脚本字面量或已知动态资源族命中
疑似未用-源码残留,assets/ImagesLuck/我的/左箭头.png,image,2568,0,,未被入口 UUID 依赖、可达脚本字面量或已知动态资源族命中
疑似未用-源码残留,assets/ImagesLuck/游戏内/发送.png,image,2540,0,,未被入口 UUID 依赖、可达脚本字面量或已知动态资源族命中
疑似未用-源码残留,assets/ImagesLuck/公告/组 78.png,image,2510,0,,未被入口 UUID 依赖、可达脚本字面量或已知动态资源族命中
疑似未用-源码残留,assets/ImagesLuck/游戏内/di_2.png,image,2493,0,,未被入口 UUID 依赖、可达脚本字面量或已知动态资源族命中
疑似未用-源码残留,assets/ImagesLuck/我的/赠送受赠记录按钮.png,image,2458,0,,未被入口 UUID 依赖、可达脚本字面量或已知动态资源族命中
疑似未用-源码残留,assets/imagesKK/游戏大厅/中未选中.png,image,2457,0,,未被入口 UUID 依赖、可达脚本字面量或已知动态资源族命中
疑似未用-源码残留,assets/ImagesLuck/战绩/总手数.png,image,2276,0,,未被入口 UUID 依赖、可达脚本字面量或已知动态资源族命中
疑似未用-源码残留,assets/ImagesLuck/游戏内/牌桌_0048_椭圆-1.png,image,2235,0,,未被入口 UUID 依赖、可达脚本字面量或已知动态资源族命中
疑似未用-源码残留,assets/ImagesLuck/战绩/总局数1.png,image,2235,0,,未被入口 UUID 依赖、可达脚本字面量或已知动态资源族命中
疑似未用-源码残留,assets/ImagesLuck/游戏内/牌桌_0036_圆角矩形-10.png,image,2195,0,,未被入口 UUID 依赖、可达脚本字面量或已知动态资源族命中
疑似未用-源码残留,assets/ImagesLuck/游戏内/拖动进度.png,image,2187,0,,未被入口 UUID 依赖、可达脚本字面量或已知动态资源族命中
疑似未用-源码残留,assets/ImagesLuck/游戏内/离座留桌.png,image,2168,0,,未被入口 UUID 依赖、可达脚本字面量或已知动态资源族命中
疑似未用-源码残留,assets/font/label.prefab,prefab,2148,0,,未被入口 UUID 依赖、可达脚本字面量或已知动态资源族命中
疑似未用-源码残留,assets/ImagesLuck/游戏内/on.png,image,2132,0,,未被入口 UUID 依赖、可达脚本字面量或已知动态资源族命中
疑似未用-源码残留,assets/ImagesLuck/游戏内/off.png,image,2132,0,,未被入口 UUID 依赖、可达脚本字面量或已知动态资源族命中
疑似未用-源码残留,assets/ImagesXYPK/转盘/转盘动画2/zhuanpan0311_tex.json,data,2066,0,,未被入口 UUID 依赖、可达脚本字面量或已知动态资源族命中
疑似未用-源码残留,assets/ImagesLuck/钱包/金额小.png,image,2051,0,,未被入口 UUID 依赖、可达脚本字面量或已知动态资源族命中
疑似未用-源码残留,assets/ImagesLuck/动画/大厅LOGO动画/logo_tex.json,data,2034,0,,未被入口 UUID 依赖、可达脚本字面量或已知动态资源族命中
疑似未用-源码残留,assets/ImagesLuck/游戏内/丢2.png,image,2019,0,,未被入口 UUID 依赖、可达脚本字面量或已知动态资源族命中
疑似未用-源码残留,assets/ImagesLuck/奖池/框.png,image,2009,0,,未被入口 UUID 依赖、可达脚本字面量或已知动态资源族命中
疑似未用-源码残留,assets/ImagesLuck/游戏内/未选中.png,image,1989,0,,未被入口 UUID 依赖、可达脚本字面量或已知动态资源族命中
疑似未用-源码残留,assets/ImagesLuck/游戏内/选中.png,image,1960,0,,未被入口 UUID 依赖、可达脚本字面量或已知动态资源族命中
疑似未用-源码残留,assets/Images/奖池/奖池.png,image,1880,0,,未被入口 UUID 依赖、可达脚本字面量或已知动态资源族命中
疑似未用-源码残留,assets/ImagesXYPK/推广/二维码框底.png,image,1853,0,,未被入口 UUID 依赖、可达脚本字面量或已知动态资源族命中
疑似未用-源码残留,assets/ImagesLuck/我的/金币下划线.png,image,1813,0,,未被入口 UUID 依赖、可达脚本字面量或已知动态资源族命中
疑似未用-源码残留,assets/ImagesLuck/游戏内/牌桌_0016_圆角矩形-10-副本-5.png,image,1811,0,,未被入口 UUID 依赖、可达脚本字面量或已知动态资源族命中
疑似未用-源码残留,assets/ImagesXYPK/代理/框1.png,image,1647,0,,未被入口 UUID 依赖、可达脚本字面量或已知动态资源族命中
疑似未用-源码残留,assets/ImagesLuck/游戏内/大2.png,image,1609,0,,未被入口 UUID 依赖、可达脚本字面量或已知动态资源族命中
疑似未用-源码残留,assets/ImagesLuck/战绩/总局数.png,image,1489,0,,未被入口 UUID 依赖、可达脚本字面量或已知动态资源族命中
疑似未用-源码残留,assets/ImagesLuck/我的/向上图标.png,image,1413,0,,未被入口 UUID 依赖、可达脚本字面量或已知动态资源族命中
疑似未用-源码残留,assets/imagesKK/公用/圆角矩形 .png,image,1404,0,,未被入口 UUID 依赖、可达脚本字面量或已知动态资源族命中
疑似未用-源码残留,assets/ImagesXYPK/其他/提示.png,image,1374,0,,未被入口 UUID 依赖、可达脚本字面量或已知动态资源族命中
疑似未用-源码残留,assets/ImagesLuck/游戏内/休2.png,image,1347,0,,未被入口 UUID 依赖、可达脚本字面量或已知动态资源族命中
疑似未用-源码残留,assets/ImagesLuck/游戏内/牌面选中.png,image,1344,0,,未被入口 UUID 依赖、可达脚本字面量或已知动态资源族命中
疑似未用-源码残留,assets/ImagesLuck/动画/导航按钮动画/MainButton_backup_tex.json,data,1316,0,,未被入口 UUID 依赖、可达脚本字面量或已知动态资源族命中
疑似未用-源码残留,assets/ImagesLuck/游戏内/buchongjifenpai.png,image,1301,0,,未被入口 UUID 依赖、可达脚本字面量或已知动态资源族命中
疑似未用-源码残留,assets/ImagesLuck/游戏内/diban_gerenjifen.png,image,1177,0,,未被入口 UUID 依赖、可达脚本字面量或已知动态资源族命中
疑似未用-源码残留,assets/animation/奖杯.anim,animation,1041,0,,未被入口 UUID 依赖、可达脚本字面量或已知动态资源族命中
疑似未用-源码残留,assets/Images/奖池/大赢家框.png,image,905,0,,未被入口 UUID 依赖、可达脚本字面量或已知动态资源族命中
疑似未用-源码残留,assets/animation/转盘按钮.anim,animation,889,0,,未被入口 UUID 依赖、可达脚本字面量或已知动态资源族命中
疑似未用-源码残留,assets/ImagesXYPK/转盘/动画/zhuanpan_dongxioa_tex.json,data,782,0,,未被入口 UUID 依赖、可达脚本字面量或已知动态资源族命中
疑似未用-源码残留,assets/ImagesLuck/游戏内/guanzhan.png,image,622,0,,未被入口 UUID 依赖、可达脚本字面量或已知动态资源族命中
疑似未用-源码残留,assets/Images/奖池/标题底框.png,image,442,0,,未被入口 UUID 依赖、可达脚本字面量或已知动态资源族命中
疑似未用-源码残留,assets/ImagesLuck/游戏内/文字底框.png,image,441,0,,未被入口 UUID 依赖、可达脚本字面量或已知动态资源族命中
疑似未用-源码残留,assets/ImagesLuck/游戏内/上箭头.png,image,405,0,,未被入口 UUID 依赖、可达脚本字面量或已知动态资源族命中
疑似未用-源码残留,assets/ImagesLuck/游戏内/jd3.png,image,270,0,,未被入口 UUID 依赖、可达脚本字面量或已知动态资源族命中
疑似未用-源码残留,assets/ImagesLuck/游戏内/分割线.png,image,212,0,,未被入口 UUID 依赖、可达脚本字面量或已知动态资源族命中
疑似未用-源码残留,assets/ImagesLuck/游戏内/标题底框.png,image,97,0,,未被入口 UUID 依赖、可达脚本字面量或已知动态资源族命中
疑似未用-源码残留,assets/font/奖池桌面.labelatlas,labelatlas,35,0,,未被入口 UUID 依赖、可达脚本字面量或已知动态资源族命中
疑似未用-源码残留,assets/font/加入房间.labelatlas,labelatlas,35,0,,未被入口 UUID 依赖、可达脚本字面量或已知动态资源族命中
疑似未用-源码残留,assets/font/old/数字t.labelatlas,labelatlas,35,0,,未被入口 UUID 依赖、可达脚本字面量或已知动态资源族命中
疑似未用-源码残留,assets/font/old/奖池数字2.labelatlas,labelatlas,35,0,,未被入口 UUID 依赖、可达脚本字面量或已知动态资源族命中
疑似未用-源码残留,assets/font/old/奖池数字.labelatlas,labelatlas,35,0,,未被入口 UUID 依赖、可达脚本字面量或已知动态资源族命中
